Number_Elements, BubbleSort [seconds], QuickSort [seconds]
10, 0.000003, 0.000002
100, 0.000048, 0.000008
1000, 0.003257, 0.000088
10000, 0.403292, 0.001097
100000, 45.006732, 0.013382
500000, -1.000000, 0.075853
1000000, -1.000000, 0.158044
