Number_Elements, BubbleSort [seconds]
10, 0.000003
100, 0.000059
1000, 0.005244
10000, 0.493356
100000, 46.720911
