Iterations, Simple_Loop [seconds]
1000, 0.000007
10000, 0.000044
100000, 0.000431
1000000, 0.004527
10000000, 0.022655
