Iterations, Simple_Loop [seconds], Sum_Loop [seconds]
1000, 0.000004, 0.000004
10000, 0.000022, 0.000028
100000, 0.000233, 0.000275
1000000, 0.001889, 0.002869
5000000, 0.009247, 0.014316
10000000, 0.018511, 0.028682
50000000, 0.097866, 0.146144
