Iterations, Simple_Loop [seconds], Sum_Loop [seconds]
1000, 0.000003, 0.000005
10000, 0.000022, 0.000041
100000, 0.000210, 0.000435
1000000, 0.002125, 0.004630
10000000, 0.021101, 0.037706
